geoid,name,B19013001,B19013001e
15000US250250001001,"Block Group 1, Suffolk, MA",54643.000000000000000,43636.000000000000000
15000US250250001002,"Block Group 2, Suffolk, MA",39310.000000000000000,17960.000000000000000
15000US250250001003,"Block Group 3, Suffolk, MA",49583.000000000000000,20558.000000000000000
15000US250250001004,"Block Group 4, Suffolk, MA",68450.000000000000000,13576.000000000000000
15000US250250002011,"Block Group 1, Suffolk, MA",79107.000000000000000,35809.000000000000000
15000US250250002012,"Block Group 2, Suffolk, MA",72500.000000000000000,43621.000000000000000
15000US250250002013,"Block Group 3, Suffolk, MA",64333.000000000000000,32464.000000000000000
15000US250250002014,"Block Group 4, Suffolk, MA",48750.000000000000000,13637.000000000000000
15000US250250002021,"Block Group 1, Suffolk, MA",59605.000000000000000,8316.000000000000000
15000US250250002022,"Block Group 2, Suffolk, MA",56442.000000000000000,30769.000000000000000
15000US250250002023,"Block Group 3, Suffolk, MA",93036.000000000000000,81987.000000000000000
15000US250250002024,"Block Group 4, Suffolk, MA",14567.000000000000000,10142.000000000000000
15000US250250003011,"Block Group 1, Suffolk, MA",82586.000000000000000,64428.000000000000000
15000US250250003012,"Block Group 2, Suffolk, MA",97333.000000000000000,12263.000000000000000
15000US250250003013,"Block Group 3, Suffolk, MA",83276.000000000000000,30162.000000000000000
15000US250250003014,"Block Group 4, Suffolk, MA",75188.000000000000000,45631.000000000000000
15000US250250003021,"Block Group 1, Suffolk, MA",80313.000000000000000,21355.000000000000000
15000US250250003022,"Block Group 2, Suffolk, MA",68592.000000000000000,8150.000000000000000
15000US250250004011,"Block Group 1, Suffolk, MA",51522.000000000000000,27629.000000000000000
15000US250250004012,"Block Group 2, Suffolk, MA",55650.000000000000000,14854.000000000000000
15000US250250004013,"Block Group 3, Suffolk, MA",60750.000000000000000,13466.000000000000000
15000US250250004014,"Block Group 4, Suffolk, MA",14819.000000000000000,2405.000000000000000
15000US250250004021,"Block Group 1, Suffolk, MA",40431.000000000000000,10264.000000000000000
15000US250250004022,"Block Group 2, Suffolk, MA",56742.000000000000000,23590.000000000000000
15000US250250004023,"Block Group 3, Suffolk, MA",69643.000000000000000,37208.000000000000000
15000US250250005021,"Block Group 1, Suffolk, MA",61607.000000000000000,22713.000000000000000
15000US250250005022,"Block Group 2, Suffolk, MA",36354.000000000000000,26542.000000000000000
15000US250250005023,"Block Group 3, Suffolk, MA",40156.000000000000000,24801.000000000000000
15000US250250005024,"Block Group 4, Suffolk, MA",0.000000000000000,0.000000000000000
15000US250250005031,"Block Group 1, Suffolk, MA",71250.000000000000000,34879.000000000000000
15000US250250005032,"Block Group 2, Suffolk, MA",53100.000000000000000,12172.000000000000000
15000US250250005041,"Block Group 1, Suffolk, MA",40016.000000000000000,10891.000000000000000
15000US250250005042,"Block Group 2, Suffolk, MA",48018.000000000000000,15997.000000000000000
15000US250250005043,"Block Group 3, Suffolk, MA",60605.000000000000000,9377.000000000000000
15000US250250005044,"Block Group 4, Suffolk, MA",26612.000000000000000,10728.000000000000000
15000US250250006011,"Block Group 1, Suffolk, MA",54219.000000000000000,23589.000000000000000
15000US250250006012,"Block Group 2, Suffolk, MA",44904.000000000000000,28391.000000000000000
15000US250250006013,"Block Group 3, Suffolk, MA",39722.000000000000000,30503.000000000000000
15000US250250006014,"Block Group 4, Suffolk, MA",52969.000000000000000,10831.000000000000000
15000US250250006021,"Block Group 1, Suffolk, MA",39394.000000000000000,8634.000000000000000
15000US250250006022,"Block Group 2, Suffolk, MA",28827.000000000000000,5244.000000000000000
15000US250250006023,"Block Group 3, Suffolk, MA",12480.000000000000000,2788.000000000000000
15000US250250007011,"Block Group 1, Suffolk, MA",34583.000000000000000,9220.000000000000000
15000US250250007012,"Block Group 2, Suffolk, MA",20938.000000000000000,8816.000000000000000
15000US250250007013,"Block Group 3, Suffolk, MA",43081.000000000000000,7975.000000000000000
15000US250250007014,"Block Group 4, Suffolk, MA",56968.000000000000000,10172.000000000000000
15000US250250007015,"Block Group 5, Suffolk, MA",55208.000000000000000,34048.000000000000000
15000US250250007031,"Block Group 1, Suffolk, MA",15833.000000000000000,5657.000000000000000
15000US250250007032,"Block Group 2, Suffolk, MA",23894.000000000000000,14075.000000000000000
15000US250250007041,"Block Group 1, Suffolk, MA",69318.000000000000000,10940.000000000000000
15000US250250007042,"Block Group 2, Suffolk, MA",49000.000000000000000,7205.000000000000000
15000US250250007043,"Block Group 3, Suffolk, MA",36800.000000000000000,13132.000000000000000
15000US250250007044,"Block Group 4, Suffolk, MA",26685.000000000000000,15496.000000000000000
15000US250250008021,"Block Group 1, Suffolk, MA",27784.000000000000000,15977.000000000000000
15000US250250008022,"Block Group 2, Suffolk, MA",27188.000000000000000,40387.000000000000000
15000US250250008023,"Block Group 3, Suffolk, MA",54375.000000000000000,33963.000000000000000
15000US250250008024,"Block Group 4, Suffolk, MA",49318.000000000000000,10162.000000000000000
15000US250250008025,"Block Group 5, Suffolk, MA",25313.000000000000000,6063.000000000000000
15000US250250008031,"Block Group 1, Suffolk, MA",33914.000000000000000,9835.000000000000000
15000US250250008032,"Block Group 2, Suffolk, MA",0.000000000000000,0.000000000000000
15000US250250101031,"Block Group 1, Suffolk, MA",19191.000000000000000,13104.000000000000000
15000US250250101032,"Block Group 2, Suffolk, MA",0.000000000000000,0.000000000000000
15000US250250101033,"Block Group 3, Suffolk, MA",13684.000000000000000,13077.000000000000000
15000US250250101041,"Block Group 1, Suffolk, MA",51136.000000000000000,20106.000000000000000
15000US250250101042,"Block Group 2, Suffolk, MA",22768.000000000000000,16886.000000000000000
15000US250250101043,"Block Group 3, Suffolk, MA",15362.000000000000000,4816.000000000000000
15000US250250102031,"Block Group 1, Suffolk, MA",20785.000000000000000,29560.000000000000000
15000US250250102032,"Block Group 2, Suffolk, MA",58103.000000000000000,7280.000000000000000
15000US250250102033,"Block Group 3, Suffolk, MA",36060.000000000000000,21126.000000000000000
15000US250250102034,"Block Group 4, Suffolk, MA",21524.000000000000000,13033.000000000000000
15000US250250102041,"Block Group 1, Suffolk, MA",8542.000000000000000,10667.000000000000000
15000US250250102042,"Block Group 2, Suffolk, MA",30417.000000000000000,11968.000000000000000
15000US250250102043,"Block Group 3, Suffolk, MA",31193.000000000000000,20638.000000000000000
15000US250250103001,"Block Group 1, Suffolk, MA",9241.000000000000000,8920.000000000000000
15000US250250103002,"Block Group 2, Suffolk, MA",46875.000000000000000,25242.000000000000000
15000US250250104031,"Block Group 1, Suffolk, MA",15500.000000000000000,5258.000000000000000
15000US250250104032,"Block Group 2, Suffolk, MA",16125.000000000000000,13083.000000000000000
15000US250250104033,"Block Group 3, Suffolk, MA",74861.000000000000000,114272.000000000000000
15000US250250104041,"Block Group 1, Suffolk, MA",15863.000000000000000,8240.000000000000000
15000US250250104042,"Block Group 2, Suffolk, MA",48462.000000000000000,21029.000000000000000
15000US250250104043,"Block Group 3, Suffolk, MA",15121.000000000000000,10451.000000000000000
15000US250250104051,"Block Group 1, Suffolk, MA",10625.000000000000000,15503.000000000000000
15000US250250104052,"Block Group 2, Suffolk, MA",30691.000000000000000,9603.000000000000000
15000US250250104053,"Block Group 3, Suffolk, MA",11895.000000000000000,606.000000000000000
15000US250250104081,"Block Group 1, Suffolk, MA",62619.000000000000000,3833.000000000000000
15000US250250105001,"Block Group 1, Suffolk, MA",46484.000000000000000,48940.000000000000000
15000US250250105002,"Block Group 2, Suffolk, MA",14559.000000000000000,13772.000000000000000
15000US250250105003,"Block Group 3, Suffolk, MA",44821.000000000000000,29227.000000000000000
15000US250250106001,"Block Group 1, Suffolk, MA",116454.000000000000000,27353.000000000000000
15000US250250106002,"Block Group 2, Suffolk, MA",54861.000000000000000,29069.000000000000000
15000US250250107011,"Block Group 1, Suffolk, MA",73021.000000000000000,47697.000000000000000
15000US250250107012,"Block Group 2, Suffolk, MA",126136.000000000000000,20833.000000000000000
15000US250250107013,"Block Group 3, Suffolk, MA",66691.000000000000000,21811.000000000000000
15000US250250107021,"Block Group 1, Suffolk, MA",111103.000000000000000,32051.000000000000000
15000US250250107022,"Block Group 2, Suffolk, MA",117576.000000000000000,7431.000000000000000
15000US250250107023,"Block Group 3, Suffolk, MA",88025.000000000000000,8601.000000000000000
15000US250250108011,"Block Group 1, Suffolk, MA",87431.000000000000000,67573.000000000000000
15000US250250108012,"Block Group 2, Suffolk, MA",144271.000000000000000,87841.000000000000000
15000US250250108013,"Block Group 3, Suffolk, MA",126458.000000000000000,63258.000000000000000
15000US250250108021,"Block Group 1, Suffolk, MA",114167.000000000000000,81085.000000000000000
15000US250250108022,"Block Group 2, Suffolk, MA",96875.000000000000000,33866.000000000000000
15000US250250108023,"Block Group 3, Suffolk, MA",56058.000000000000000,26614.000000000000000
15000US250250201011,"Block Group 1, Suffolk, MA",126190.000000000000000,70325.000000000000000
15000US250250201012,"Block Group 2, Suffolk, MA",102974.000000000000000,34280.000000000000000
15000US250250201013,"Block Group 3, Suffolk, MA",95905.000000000000000,6295.000000000000000
15000US250250201014,"Block Group 4, Suffolk, MA",97760.000000000000000,18480.000000000000000
15000US250250202001,"Block Group 1, Suffolk, MA",58500.000000000000000,30906.000000000000000
15000US250250202002,"Block Group 2, Suffolk, MA",83125.000000000000000,32005.000000000000000
15000US250250202003,"Block Group 3, Suffolk, MA",77333.000000000000000,18921.000000000000000
15000US250250203011,"Block Group 1, Suffolk, MA",14950.000000000000000,3693.000000000000000
15000US250250203012,"Block Group 2, Suffolk, MA",110179.000000000000000,23515.000000000000000
15000US250250203021,"Block Group 1, Suffolk, MA",88807.000000000000000,26339.000000000000000
15000US250250203031,"Block Group 1, Suffolk, MA",87917.000000000000000,45977.000000000000000
15000US250250203032,"Block Group 2, Suffolk, MA",108333.000000000000000,29295.000000000000000
15000US250250203033,"Block Group 3, Suffolk, MA",47381.000000000000000,34723.000000000000000
15000US250250301001,"Block Group 1, Suffolk, MA",65208.000000000000000,13319.000000000000000
15000US250250301002,"Block Group 2, Suffolk, MA",60395.000000000000000,37226.000000000000000
15000US250250302001,"Block Group 1, Suffolk, MA",67258.000000000000000,13323.000000000000000
15000US250250303001,"Block Group 1, Suffolk, MA",102757.000000000000000,38051.000000000000000
15000US250250303002,"Block Group 2, Suffolk, MA",147422.000000000000000,36331.000000000000000
15000US250250303003,"Block Group 3, Suffolk, MA",55813.000000000000000,34505.000000000000000
15000US250250303004,"Block Group 4, Suffolk, MA",96912.000000000000000,70752.000000000000000
15000US250250304001,"Block Group 1, Suffolk, MA",79926.000000000000000,11767.000000000000000
15000US250250304002,"Block Group 2, Suffolk, MA",63884.000000000000000,23082.000000000000000
15000US250250305001,"Block Group 1, Suffolk, MA",168393.000000000000000,32787.000000000000000
15000US250250305002,"Block Group 2, Suffolk, MA",101667.000000000000000,25374.000000000000000
15000US250250305003,"Block Group 3, Suffolk, MA",68750.000000000000000,11810.000000000000000
15000US250250401001,"Block Group 1, Suffolk, MA",114539.000000000000000,44092.000000000000000
15000US250250401002,"Block Group 2, Suffolk, MA",120197.000000000000000,15098.000000000000000
15000US250250402001,"Block Group 1, Suffolk, MA",23864.000000000000000,6094.000000000000000
15000US250250402002,"Block Group 2, Suffolk, MA",80909.000000000000000,29958.000000000000000
15000US250250403001,"Block Group 1, Suffolk, MA",9555.000000000000000,5909.000000000000000
15000US250250403002,"Block Group 2, Suffolk, MA",123750.000000000000000,14898.000000000000000
15000US250250403003,"Block Group 3, Suffolk, MA",133000.000000000000000,28040.000000000000000
15000US250250403004,"Block Group 4, Suffolk, MA",126250.000000000000000,21857.000000000000000
15000US250250403005,"Block Group 5, Suffolk, MA",112375.000000000000000,57899.000000000000000
15000US250250404011,"Block Group 1, Suffolk, MA",41758.000000000000000,16111.000000000000000
15000US250250404012,"Block Group 2, Suffolk, MA",96635.000000000000000,43008.000000000000000
15000US250250406001,"Block Group 1, Suffolk, MA",102067.000000000000000,21831.000000000000000
15000US250250406002,"Block Group 2, Suffolk, MA",140750.000000000000000,30660.000000000000000
15000US250250408011,"Block Group 1, Suffolk, MA",9934.000000000000000,2768.000000000000000
15000US250250408012,"Block Group 2, Suffolk, MA",19528.000000000000000,10697.000000000000000
15000US250250408013,"Block Group 3, Suffolk, MA",115655.000000000000000,45947.000000000000000
15000US250250501011,"Block Group 1, Suffolk, MA",55655.000000000000000,15239.000000000000000
15000US250250501012,"Block Group 2, Suffolk, MA",20771.000000000000000,3876.000000000000000
15000US250250501013,"Block Group 3, Suffolk, MA",68563.000000000000000,18145.000000000000000
15000US250250502001,"Block Group 1, Suffolk, MA",41304.000000000000000,26621.000000000000000
15000US250250502002,"Block Group 2, Suffolk, MA",43992.000000000000000,14460.000000000000000
15000US250250502003,"Block Group 3, Suffolk, MA",72566.000000000000000,53900.000000000000000
15000US250250502004,"Block Group 4, Suffolk, MA",56295.000000000000000,11786.000000000000000
15000US250250503001,"Block Group 1, Suffolk, MA",34205.000000000000000,35219.000000000000000
15000US250250503002,"Block Group 2, Suffolk, MA",12390.000000000000000,1902.000000000000000
15000US250250504001,"Block Group 1, Suffolk, MA",60917.000000000000000,39589.000000000000000
15000US250250504002,"Block Group 2, Suffolk, MA",52153.000000000000000,8674.000000000000000
15000US250250505001,"Block Group 1, Suffolk, MA",47781.000000000000000,10108.000000000000000
15000US250250506001,"Block Group 1, Suffolk, MA",36490.000000000000000,14804.000000000000000
15000US250250506002,"Block Group 2, Suffolk, MA",58750.000000000000000,14628.000000000000000
15000US250250507001,"Block Group 1, Suffolk, MA",56848.000000000000000,11783.000000000000000
15000US250250507002,"Block Group 2, Suffolk, MA",72431.000000000000000,11812.000000000000000
15000US250250507003,"Block Group 3, Suffolk, MA",49444.000000000000000,32179.000000000000000
15000US250250509011,"Block Group 1, Suffolk, MA",63603.000000000000000,11306.000000000000000
15000US250250509012,"Block Group 2, Suffolk, MA",58063.000000000000000,24603.000000000000000
15000US250250509013,"Block Group 3, Suffolk, MA",38913.000000000000000,28726.000000000000000
15000US250250510001,"Block Group 1, Suffolk, MA",66563.000000000000000,15816.000000000000000
15000US250250510002,"Block Group 2, Suffolk, MA",24077.000000000000000,11464.000000000000000
15000US250250510003,"Block Group 3, Suffolk, MA",45357.000000000000000,15508.000000000000000
15000US250250511011,"Block Group 1, Suffolk, MA",53884.000000000000000,63853.000000000000000
15000US250250511012,"Block Group 2, Suffolk, MA",31447.000000000000000,4162.000000000000000
15000US250250511013,"Block Group 3, Suffolk, MA",67695.000000000000000,20770.000000000000000
15000US250250511014,"Block Group 4, Suffolk, MA",103365.000000000000000,23904.000000000000000
15000US250250512001,"Block Group 1, Suffolk, MA",0.000000000000000,0.000000000000000
15000US250250512002,"Block Group 2, Suffolk, MA",43864.000000000000000,12266.000000000000000
15000US250250512003,"Block Group 3, Suffolk, MA",74919.000000000000000,5205.000000000000000
15000US250250601011,"Block Group 1, Suffolk, MA",85139.000000000000000,38008.000000000000000
15000US250250601012,"Block Group 2, Suffolk, MA",77222.000000000000000,30315.000000000000000
15000US250250601013,"Block Group 3, Suffolk, MA",87222.000000000000000,27995.000000000000000
15000US250250601014,"Block Group 4, Suffolk, MA",86250.000000000000000,42416.000000000000000
15000US250250602001,"Block Group 1, Suffolk, MA",94241.000000000000000,13375.000000000000000
15000US250250602002,"Block Group 2, Suffolk, MA",90265.000000000000000,19538.000000000000000
15000US250250603011,"Block Group 1, Suffolk, MA",49464.000000000000000,14757.000000000000000
15000US250250603012,"Block Group 2, Suffolk, MA",128438.000000000000000,48681.000000000000000
15000US250250603013,"Block Group 3, Suffolk, MA",102841.000000000000000,40022.000000000000000
15000US250250604001,"Block Group 1, Suffolk, MA",76797.000000000000000,39092.000000000000000
15000US250250604002,"Block Group 2, Suffolk, MA",115318.000000000000000,20902.000000000000000
15000US250250604003,"Block Group 3, Suffolk, MA",109107.000000000000000,54676.000000000000000
15000US250250604004,"Block Group 4, Suffolk, MA",52366.000000000000000,16268.000000000000000
15000US250250604005,"Block Group 5, Suffolk, MA",84904.000000000000000,41063.000000000000000
15000US250250605011,"Block Group 1, Suffolk, MA",109125.000000000000000,29440.000000000000000
15000US250250605012,"Block Group 2, Suffolk, MA",75714.000000000000000,37147.000000000000000
15000US250250605013,"Block Group 3, Suffolk, MA",90139.000000000000000,28734.000000000000000
15000US250250605014,"Block Group 4, Suffolk, MA",109600.000000000000000,41698.000000000000000
15000US250250605015,"Block Group 5, Suffolk, MA",98550.000000000000000,11018.000000000000000
15000US250250606001,"Block Group 1, Suffolk, MA",92014.000000000000000,22762.000000000000000
15000US250250607001,"Block Group 1, Suffolk, MA",21422.000000000000000,10087.000000000000000
15000US250250607002,"Block Group 2, Suffolk, MA",21250.000000000000000,7803.000000000000000
15000US250250608001,"Block Group 1, Suffolk, MA",44205.000000000000000,71136.000000000000000
15000US250250608002,"Block Group 2, Suffolk, MA",84821.000000000000000,72964.000000000000000
15000US250250608003,"Block Group 3, Suffolk, MA",106061.000000000000000,56683.000000000000000
15000US250250608004,"Block Group 4, Suffolk, MA",80462.000000000000000,22021.000000000000000
15000US250250610001,"Block Group 1, Suffolk, MA",67202.000000000000000,46334.000000000000000
15000US250250610002,"Block Group 2, Suffolk, MA",11505.000000000000000,2621.000000000000000
15000US250250610003,"Block Group 3, Suffolk, MA",12344.000000000000000,12978.000000000000000
15000US250250611011,"Block Group 1, Suffolk, MA",15288.000000000000000,4912.000000000000000
15000US250250611012,"Block Group 2, Suffolk, MA",16288.000000000000000,1706.000000000000000
15000US250250612001,"Block Group 1, Suffolk, MA",102898.000000000000000,35962.000000000000000
15000US250250612002,"Block Group 2, Suffolk, MA",39231.000000000000000,40412.000000000000000
15000US250250612003,"Block Group 3, Suffolk, MA",66477.000000000000000,17698.000000000000000
15000US250250701011,"Block Group 1, Suffolk, MA",102434.000000000000000,96949.000000000000000
15000US250250701012,"Block Group 2, Suffolk, MA",0.000000000000000,0.000000000000000
15000US250250701013,"Block Group 3, Suffolk, MA",95493.000000000000000,80755.000000000000000
15000US250250701014,"Block Group 4, Suffolk, MA",109638.000000000000000,70681.000000000000000
15000US250250701015,"Block Group 5, Suffolk, MA",250001.000000000000000,0.000000000000000
15000US250250701016,"Block Group 6, Suffolk, MA",2499.000000000000000,0.000000000000000
15000US250250701017,"Block Group 7, Suffolk, MA",20169.000000000000000,9099.000000000000000
15000US250250701018,"Block Group 8, Suffolk, MA",250001.000000000000000,0.000000000000000
15000US250250702001,"Block Group 1, Suffolk, MA",19709.000000000000000,12375.000000000000000
15000US250250702002,"Block Group 2, Suffolk, MA",31190.000000000000000,19358.000000000000000
15000US250250702003,"Block Group 3, Suffolk, MA",11207.000000000000000,1623.000000000000000
15000US250250703001,"Block Group 1, Suffolk, MA",133235.000000000000000,103849.000000000000000
15000US250250703002,"Block Group 2, Suffolk, MA",122778.000000000000000,110698.000000000000000
15000US250250703003,"Block Group 3, Suffolk, MA",61875.000000000000000,22349.000000000000000
15000US250250703004,"Block Group 4, Suffolk, MA",172553.000000000000000,36309.000000000000000
15000US250250704021,"Block Group 1, Suffolk, MA",15565.000000000000000,4042.000000000000000
15000US250250705001,"Block Group 1, Suffolk, MA",119083.000000000000000,26654.000000000000000
15000US250250705002,"Block Group 2, Suffolk, MA",20818.000000000000000,12571.000000000000000
15000US250250705003,"Block Group 3, Suffolk, MA",117632.000000000000000,62863.000000000000000
15000US250250705004,"Block Group 4, Suffolk, MA",59970.000000000000000,28585.000000000000000
15000US250250706001,"Block Group 1, Suffolk, MA",87188.000000000000000,14901.000000000000000
15000US250250706002,"Block Group 2, Suffolk, MA",104088.000000000000000,18438.000000000000000
15000US250250707001,"Block Group 1, Suffolk, MA",44400.000000000000000,6614.000000000000000
15000US250250707002,"Block Group 2, Suffolk, MA",103826.000000000000000,33918.000000000000000
15000US250250708001,"Block Group 1, Suffolk, MA",66875.000000000000000,22734.000000000000000
15000US250250708002,"Block Group 2, Suffolk, MA",45625.000000000000000,26700.000000000000000
15000US250250708003,"Block Group 3, Suffolk, MA",173480.000000000000000,89309.000000000000000
15000US250250709001,"Block Group 1, Suffolk, MA",82778.000000000000000,25656.000000000000000
15000US250250709002,"Block Group 2, Suffolk, MA",45313.000000000000000,22810.000000000000000
15000US250250711011,"Block Group 1, Suffolk, MA",38125.000000000000000,20271.000000000000000
15000US250250711012,"Block Group 2, Suffolk, MA",105066.000000000000000,63882.000000000000000
15000US250250711013,"Block Group 3, Suffolk, MA",16569.000000000000000,19903.000000000000000
15000US250250712011,"Block Group 1, Suffolk, MA",101152.000000000000000,8788.000000000000000
15000US250250712012,"Block Group 2, Suffolk, MA",12708.000000000000000,5321.000000000000000
15000US250250801001,"Block Group 1, Suffolk, MA",30060.000000000000000,4560.000000000000000
15000US250250801002,"Block Group 2, Suffolk, MA",36908.000000000000000,15214.000000000000000
15000US250250803001,"Block Group 1, Suffolk, MA",21563.000000000000000,10871.000000000000000
15000US250250804011,"Block Group 1, Suffolk, MA",31029.000000000000000,12819.000000000000000
15000US250250804012,"Block Group 2, Suffolk, MA",14761.000000000000000,3982.000000000000000
15000US250250805001,"Block Group 1, Suffolk, MA",36117.000000000000000,13799.000000000000000
15000US250250805002,"Block Group 2, Suffolk, MA",16021.000000000000000,4830.000000000000000
15000US250250806011,"Block Group 1, Suffolk, MA",31250.000000000000000,21100.000000000000000
15000US250250806012,"Block Group 2, Suffolk, MA",22768.000000000000000,8736.000000000000000
15000US250250806013,"Block Group 3, Suffolk, MA",15875.000000000000000,5017.000000000000000
15000US250250808011,"Block Group 1, Suffolk, MA",13775.000000000000000,6125.000000000000000
15000US250250808012,"Block Group 2, Suffolk, MA",23669.000000000000000,10640.000000000000000
15000US250250809001,"Block Group 1, Suffolk, MA",36467.000000000000000,10537.000000000000000
15000US250250809002,"Block Group 2, Suffolk, MA",52925.000000000000000,12896.000000000000000
15000US250250809003,"Block Group 3, Suffolk, MA",46630.000000000000000,45687.000000000000000
15000US250250810011,"Block Group 1, Suffolk, MA",33654.000000000000000,23835.000000000000000
15000US250250810012,"Block Group 2, Suffolk, MA",13750.000000000000000,6390.000000000000000
15000US250250810013,"Block Group 3, Suffolk, MA",93750.000000000000000,55301.000000000000000
15000US250250810014,"Block Group 4, Suffolk, MA",42692.000000000000000,23390.000000000000000
15000US250250811001,"Block Group 1, Suffolk, MA",48750.000000000000000,22480.000000000000000
15000US250250811002,"Block Group 2, Suffolk, MA",46232.000000000000000,5880.000000000000000
15000US250250811003,"Block Group 3, Suffolk, MA",53125.000000000000000,25012.000000000000000
15000US250250812001,"Block Group 1, Suffolk, MA",14844.000000000000000,5854.000000000000000
15000US250250812002,"Block Group 2, Suffolk, MA",80455.000000000000000,47180.000000000000000
15000US250250813001,"Block Group 1, Suffolk, MA",15479.000000000000000,10270.000000000000000
15000US250250813002,"Block Group 2, Suffolk, MA",28542.000000000000000,17928.000000000000000
15000US250250813003,"Block Group 3, Suffolk, MA",21609.000000000000000,10470.000000000000000
15000US250250814001,"Block Group 1, Suffolk, MA",44107.000000000000000,21456.000000000000000
15000US250250814002,"Block Group 2, Suffolk, MA",44929.000000000000000,31191.000000000000000
15000US250250814003,"Block Group 3, Suffolk, MA",42964.000000000000000,11446.000000000000000
15000US250250815001,"Block Group 1, Suffolk, MA",46905.000000000000000,26272.000000000000000
15000US250250815002,"Block Group 2, Suffolk, MA",25815.000000000000000,5466.000000000000000
15000US250250817001,"Block Group 1, Suffolk, MA",14792.000000000000000,14512.000000000000000
15000US250250817002,"Block Group 2, Suffolk, MA",13375.000000000000000,7317.000000000000000
15000US250250817003,"Block Group 3, Suffolk, MA",21769.000000000000000,4014.000000000000000
15000US250250817004,"Block Group 4, Suffolk, MA",37604.000000000000000,31021.000000000000000
15000US250250817005,"Block Group 5, Suffolk, MA",37069.000000000000000,5118.000000000000000
15000US250250818001,"Block Group 1, Suffolk, MA",36611.000000000000000,15364.000000000000000
15000US250250818002,"Block Group 2, Suffolk, MA",11369.000000000000000,9960.000000000000000
15000US250250818003,"Block Group 3, Suffolk, MA",54524.000000000000000,31934.000000000000000
15000US250250819001,"Block Group 1, Suffolk, MA",37396.000000000000000,33683.000000000000000
15000US250250819002,"Block Group 2, Suffolk, MA",38182.000000000000000,18644.000000000000000
15000US250250819003,"Block Group 3, Suffolk, MA",40972.000000000000000,63753.000000000000000
15000US250250819004,"Block Group 4, Suffolk, MA",16250.000000000000000,8716.000000000000000
15000US250250820001,"Block Group 1, Suffolk, MA",27273.000000000000000,40415.000000000000000
15000US250250820002,"Block Group 2, Suffolk, MA",50282.000000000000000,58292.000000000000000
15000US250250820003,"Block Group 3, Suffolk, MA",35795.000000000000000,37486.000000000000000
15000US250250821001,"Block Group 1, Suffolk, MA",12395.000000000000000,17439.000000000000000
15000US250250821002,"Block Group 2, Suffolk, MA",14141.000000000000000,13790.000000000000000
15000US250250821003,"Block Group 3, Suffolk, MA",25333.000000000000000,5600.000000000000000
15000US250250901001,"Block Group 1, Suffolk, MA",17537.000000000000000,6194.000000000000000
15000US250250901002,"Block Group 2, Suffolk, MA",51944.000000000000000,12294.000000000000000
15000US250250901003,"Block Group 3, Suffolk, MA",50833.000000000000000,35805.000000000000000
15000US250250901004,"Block Group 4, Suffolk, MA",32904.000000000000000,10246.000000000000000
15000US250250901005,"Block Group 5, Suffolk, MA",53716.000000000000000,16249.000000000000000
15000US250250902001,"Block Group 1, Suffolk, MA",23661.000000000000000,17809.000000000000000
15000US250250902002,"Block Group 2, Suffolk, MA",15888.000000000000000,4961.000000000000000
15000US250250902003,"Block Group 3, Suffolk, MA",48333.000000000000000,29485.000000000000000
15000US250250903001,"Block Group 1, Suffolk, MA",22500.000000000000000,6200.000000000000000
15000US250250903002,"Block Group 2, Suffolk, MA",40625.000000000000000,26404.000000000000000
15000US250250903003,"Block Group 3, Suffolk, MA",30093.000000000000000,35804.000000000000000
15000US250250904001,"Block Group 1, Suffolk, MA",30507.000000000000000,18776.000000000000000
15000US250250904002,"Block Group 2, Suffolk, MA",30802.000000000000000,4835.000000000000000
15000US250250904003,"Block Group 3, Suffolk, MA",19306.000000000000000,30490.000000000000000
15000US250250904004,"Block Group 4, Suffolk, MA",44250.000000000000000,9947.000000000000000
15000US250250906001,"Block Group 1, Suffolk, MA",56012.000000000000000,25173.000000000000000
15000US250250906002,"Block Group 2, Suffolk, MA",41607.000000000000000,17865.000000000000000
15000US250250907001,"Block Group 1, Suffolk, MA",42135.000000000000000,30334.000000000000000
15000US250250907002,"Block Group 2, Suffolk, MA",34966.000000000000000,23918.000000000000000
15000US250250907003,"Block Group 3, Suffolk, MA",63846.000000000000000,27564.000000000000000
15000US250250907004,"Block Group 4, Suffolk, MA",78023.000000000000000,24595.000000000000000
15000US250250909011,"Block Group 1, Suffolk, MA",25655.000000000000000,11342.000000000000000
15000US250250909012,"Block Group 2, Suffolk, MA",27375.000000000000000,12196.000000000000000
15000US250250910011,"Block Group 1, Suffolk, MA",58167.000000000000000,49503.000000000000000
15000US250250910012,"Block Group 2, Suffolk, MA",25208.000000000000000,24993.000000000000000
15000US250250910013,"Block Group 3, Suffolk, MA",81055.000000000000000,24575.000000000000000
15000US250250910014,"Block Group 4, Suffolk, MA",80491.000000000000000,19319.000000000000000
15000US250250911001,"Block Group 1, Suffolk, MA",86750.000000000000000,51699.000000000000000
15000US250250911002,"Block Group 2, Suffolk, MA",54938.000000000000000,54182.000000000000000
15000US250250911003,"Block Group 3, Suffolk, MA",70795.000000000000000,34422.000000000000000
15000US250250911004,"Block Group 4, Suffolk, MA",90625.000000000000000,35311.000000000000000
15000US250250911005,"Block Group 5, Suffolk, MA",48672.000000000000000,38672.000000000000000
15000US250250912001,"Block Group 1, Suffolk, MA",75905.000000000000000,9196.000000000000000
15000US250250912002,"Block Group 2, Suffolk, MA",66000.000000000000000,26199.000000000000000
15000US250250912003,"Block Group 3, Suffolk, MA",32679.000000000000000,46153.000000000000000
15000US250250913001,"Block Group 1, Suffolk, MA",48015.000000000000000,17100.000000000000000
15000US250250913002,"Block Group 2, Suffolk, MA",30000.000000000000000,7596.000000000000000
15000US250250914001,"Block Group 1, Suffolk, MA",35625.000000000000000,15673.000000000000000
15000US250250914002,"Block Group 2, Suffolk, MA",23478.000000000000000,9241.000000000000000
15000US250250915001,"Block Group 1, Suffolk, MA",55363.000000000000000,16018.000000000000000
15000US250250915002,"Block Group 2, Suffolk, MA",36989.000000000000000,9293.000000000000000
15000US250250915003,"Block Group 3, Suffolk, MA",26419.000000000000000,10471.000000000000000
15000US250250916001,"Block Group 1, Suffolk, MA",38452.000000000000000,20529.000000000000000
15000US250250916002,"Block Group 2, Suffolk, MA",40950.000000000000000,20857.000000000000000
15000US250250916003,"Block Group 3, Suffolk, MA",17017.000000000000000,6938.000000000000000
15000US250250917001,"Block Group 1, Suffolk, MA",64453.000000000000000,22898.000000000000000
15000US250250917002,"Block Group 2, Suffolk, MA",34688.000000000000000,33678.000000000000000
15000US250250917003,"Block Group 3, Suffolk, MA",56250.000000000000000,29567.000000000000000
15000US250250918001,"Block Group 1, Suffolk, MA",40987.000000000000000,18676.000000000000000
15000US250250918002,"Block Group 2, Suffolk, MA",27772.000000000000000,24080.000000000000000
15000US250250918003,"Block Group 3, Suffolk, MA",59700.000000000000000,29550.000000000000000
15000US250250919001,"Block Group 1, Suffolk, MA",44063.000000000000000,16726.000000000000000
15000US250250919002,"Block Group 2, Suffolk, MA",19766.000000000000000,32237.000000000000000
15000US250250919003,"Block Group 3, Suffolk, MA",30500.000000000000000,12488.000000000000000
15000US250250919004,"Block Group 4, Suffolk, MA",58281.000000000000000,61296.000000000000000
15000US250250920001,"Block Group 1, Suffolk, MA",29630.000000000000000,10212.000000000000000
15000US250250920002,"Block Group 2, Suffolk, MA",42283.000000000000000,24886.000000000000000
15000US250250920003,"Block Group 3, Suffolk, MA",49815.000000000000000,13320.000000000000000
15000US250250920004,"Block Group 4, Suffolk, MA",48984.000000000000000,50101.000000000000000
15000US250250921011,"Block Group 1, Suffolk, MA",67500.000000000000000,35854.000000000000000
15000US250250921012,"Block Group 2, Suffolk, MA",22037.000000000000000,50662.000000000000000
15000US250250921013,"Block Group 3, Suffolk, MA",73056.000000000000000,32961.000000000000000
15000US250250921014,"Block Group 4, Suffolk, MA",29044.000000000000000,36989.000000000000000
15000US250250921015,"Block Group 5, Suffolk, MA",43304.000000000000000,37050.000000000000000
15000US250250922001,"Block Group 1, Suffolk, MA",49107.000000000000000,32626.000000000000000
15000US250250922002,"Block Group 2, Suffolk, MA",85773.000000000000000,23793.000000000000000
15000US250250922003,"Block Group 3, Suffolk, MA",47188.000000000000000,54218.000000000000000
15000US250250922004,"Block Group 4, Suffolk, MA",68000.000000000000000,62104.000000000000000
15000US250250923001,"Block Group 1, Suffolk, MA",31300.000000000000000,18283.000000000000000
15000US250250923002,"Block Group 2, Suffolk, MA",40380.000000000000000,38159.000000000000000
15000US250250923003,"Block Group 3, Suffolk, MA",49821.000000000000000,22211.000000000000000
15000US250250923004,"Block Group 4, Suffolk, MA",38869.000000000000000,14589.000000000000000
15000US250250924001,"Block Group 1, Suffolk, MA",42772.000000000000000,55582.000000000000000
15000US250250924002,"Block Group 2, Suffolk, MA",31500.000000000000000,16872.000000000000000
15000US250250924003,"Block Group 3, Suffolk, MA",41833.000000000000000,9159.000000000000000
15000US250250924004,"Block Group 4, Suffolk, MA",20192.000000000000000,7954.000000000000000
15000US250250924005,"Block Group 5, Suffolk, MA",45284.000000000000000,30878.000000000000000
15000US250251001001,"Block Group 1, Suffolk, MA",18465.000000000000000,11681.000000000000000
15000US250251001002,"Block Group 2, Suffolk, MA",68750.000000000000000,88482.000000000000000
15000US250251001003,"Block Group 3, Suffolk, MA",65500.000000000000000,54195.000000000000000
15000US250251001004,"Block Group 4, Suffolk, MA",38250.000000000000000,22836.000000000000000
15000US250251001005,"Block Group 5, Suffolk, MA",48421.000000000000000,50396.000000000000000
15000US250251001006,"Block Group 6, Suffolk, MA",13348.000000000000000,3052.000000000000000
15000US250251001007,"Block Group 7, Suffolk, MA",18157.000000000000000,4635.000000000000000
15000US250251002001,"Block Group 1, Suffolk, MA",39276.000000000000000,19619.000000000000000
15000US250251002002,"Block Group 2, Suffolk, MA",49236.000000000000000,56507.000000000000000
15000US250251002003,"Block Group 3, Suffolk, MA",39375.000000000000000,24888.000000000000000
15000US250251003001,"Block Group 1, Suffolk, MA",51071.000000000000000,11924.000000000000000
15000US250251003002,"Block Group 2, Suffolk, MA",55268.000000000000000,13764.000000000000000
15000US250251003003,"Block Group 3, Suffolk, MA",36466.000000000000000,15958.000000000000000
15000US250251003004,"Block Group 4, Suffolk, MA",45655.000000000000000,16269.000000000000000
15000US250251004001,"Block Group 1, Suffolk, MA",32000.000000000000000,16881.000000000000000
15000US250251004002,"Block Group 2, Suffolk, MA",105769.000000000000000,19241.000000000000000
15000US250251004003,"Block Group 3, Suffolk, MA",63289.000000000000000,17867.000000000000000
15000US250251004004,"Block Group 4, Suffolk, MA",48889.000000000000000,21395.000000000000000
15000US250251005001,"Block Group 1, Suffolk, MA",30313.000000000000000,30512.000000000000000
15000US250251005002,"Block Group 2, Suffolk, MA",75645.000000000000000,63082.000000000000000
15000US250251005003,"Block Group 3, Suffolk, MA",56537.000000000000000,5664.000000000000000
15000US250251005004,"Block Group 4, Suffolk, MA",68491.000000000000000,18687.000000000000000
15000US250251005005,"Block Group 5, Suffolk, MA",51193.000000000000000,13506.000000000000000
15000US250251006011,"Block Group 1, Suffolk, MA",59875.000000000000000,51015.000000000000000
15000US250251006012,"Block Group 2, Suffolk, MA",69722.000000000000000,19213.000000000000000
15000US250251006013,"Block Group 3, Suffolk, MA",56291.000000000000000,5736.000000000000000
15000US250251006014,"Block Group 4, Suffolk, MA",53427.000000000000000,13244.000000000000000
15000US250251006031,"Block Group 1, Suffolk, MA",56458.000000000000000,25579.000000000000000
15000US250251006032,"Block Group 2, Suffolk, MA",76538.000000000000000,35434.000000000000000
15000US250251007001,"Block Group 1, Suffolk, MA",79861.000000000000000,17137.000000000000000
15000US250251007002,"Block Group 2, Suffolk, MA",91563.000000000000000,77649.000000000000000
15000US250251007003,"Block Group 3, Suffolk, MA",52036.000000000000000,5131.000000000000000
15000US250251007004,"Block Group 4, Suffolk, MA",66667.000000000000000,25299.000000000000000
15000US250251007005,"Block Group 5, Suffolk, MA",62917.000000000000000,19331.000000000000000
15000US250251008001,"Block Group 1, Suffolk, MA",65688.000000000000000,10629.000000000000000
15000US250251008002,"Block Group 2, Suffolk, MA",78000.000000000000000,17161.000000000000000
15000US250251008003,"Block Group 3, Suffolk, MA",57250.000000000000000,43983.000000000000000
15000US250251008004,"Block Group 4, Suffolk, MA",67784.000000000000000,16631.000000000000000
15000US250251008005,"Block Group 5, Suffolk, MA",15854.000000000000000,17490.000000000000000
15000US250251008006,"Block Group 6, Suffolk, MA",80543.000000000000000,39527.000000000000000
15000US250251009001,"Block Group 1, Suffolk, MA",35536.000000000000000,9956.000000000000000
15000US250251009002,"Block Group 2, Suffolk, MA",31295.000000000000000,11274.000000000000000
15000US250251009003,"Block Group 3, Suffolk, MA",60750.000000000000000,6831.000000000000000
15000US250251009004,"Block Group 4, Suffolk, MA",53576.000000000000000,31047.000000000000000
15000US250251009005,"Block Group 5, Suffolk, MA",68241.000000000000000,25398.000000000000000
15000US250251010011,"Block Group 1, Suffolk, MA",88214.000000000000000,51726.000000000000000
15000US250251010012,"Block Group 2, Suffolk, MA",29808.000000000000000,27463.000000000000000
15000US250251010013,"Block Group 3, Suffolk, MA",76111.000000000000000,54603.000000000000000
15000US250251010014,"Block Group 4, Suffolk, MA",57879.000000000000000,61196.000000000000000
15000US250251010015,"Block Group 5, Suffolk, MA",42045.000000000000000,21171.000000000000000
15000US250251010016,"Block Group 6, Suffolk, MA",56125.000000000000000,24215.000000000000000
15000US250251010021,"Block Group 1, Suffolk, MA",18886.000000000000000,15675.000000000000000
15000US250251010022,"Block Group 2, Suffolk, MA",37680.000000000000000,10039.000000000000000
15000US250251010023,"Block Group 3, Suffolk, MA",35896.000000000000000,13567.000000000000000
15000US250251011011,"Block Group 1, Suffolk, MA",49671.000000000000000,49360.000000000000000
15000US250251011012,"Block Group 2, Suffolk, MA",70682.000000000000000,19997.000000000000000
15000US250251011013,"Block Group 3, Suffolk, MA",58250.000000000000000,13585.000000000000000
15000US250251011021,"Block Group 1, Suffolk, MA",36458.000000000000000,15314.000000000000000
15000US250251011022,"Block Group 2, Suffolk, MA",24250.000000000000000,23271.000000000000000
15000US250251011023,"Block Group 3, Suffolk, MA",42500.000000000000000,29378.000000000000000
15000US250251011024,"Block Group 4, Suffolk, MA",45625.000000000000000,19752.000000000000000
15000US250251101031,"Block Group 1, Suffolk, MA",72813.000000000000000,46303.000000000000000
15000US250251101032,"Block Group 2, Suffolk, MA",47266.000000000000000,42168.000000000000000
15000US250251101033,"Block Group 3, Suffolk, MA",30521.000000000000000,35104.000000000000000
15000US250251101034,"Block Group 4, Suffolk, MA",33520.000000000000000,22434.000000000000000
15000US250251101035,"Block Group 5, Suffolk, MA",89464.000000000000000,18237.000000000000000
15000US250251101036,"Block Group 6, Suffolk, MA",126141.000000000000000,35813.000000000000000
15000US250251101037,"Block Group 7, Suffolk, MA",6051.000000000000000,17509.000000000000000
15000US250251102011,"Block Group 1, Suffolk, MA",45329.000000000000000,8274.000000000000000
15000US250251103011,"Block Group 1, Suffolk, MA",73805.000000000000000,11077.000000000000000
15000US250251103012,"Block Group 2, Suffolk, MA",88036.000000000000000,28673.000000000000000
15000US250251104011,"Block Group 1, Suffolk, MA",48913.000000000000000,16902.000000000000000
15000US250251104012,"Block Group 2, Suffolk, MA",59671.000000000000000,28903.000000000000000
15000US250251104031,"Block Group 1, Suffolk, MA",44091.000000000000000,19495.000000000000000
15000US250251104032,"Block Group 2, Suffolk, MA",63306.000000000000000,8639.000000000000000
15000US250251104033,"Block Group 3, Suffolk, MA",96149.000000000000000,17247.000000000000000
15000US250251104034,"Block Group 4, Suffolk, MA",100221.000000000000000,39688.000000000000000
15000US250251104035,"Block Group 5, Suffolk, MA",83438.000000000000000,25774.000000000000000
15000US250251105011,"Block Group 1, Suffolk, MA",99107.000000000000000,23631.000000000000000
15000US250251105012,"Block Group 2, Suffolk, MA",80000.000000000000000,9107.000000000000000
15000US250251105013,"Block Group 3, Suffolk, MA",103000.000000000000000,63038.000000000000000
15000US250251105021,"Block Group 1, Suffolk, MA",84479.000000000000000,11020.000000000000000
15000US250251105022,"Block Group 2, Suffolk, MA",71719.000000000000000,19801.000000000000000
15000US250251105023,"Block Group 3, Suffolk, MA",68594.000000000000000,40116.000000000000000
15000US250251106011,"Block Group 1, Suffolk, MA",69514.000000000000000,23833.000000000000000
15000US250251106012,"Block Group 2, Suffolk, MA",105368.000000000000000,41086.000000000000000
15000US250251106071,"Block Group 1, Suffolk, MA",100333.000000000000000,59278.000000000000000
15000US250251106072,"Block Group 2, Suffolk, MA",79196.000000000000000,11640.000000000000000
15000US250251106073,"Block Group 3, Suffolk, MA",76600.000000000000000,29939.000000000000000
15000US250251106074,"Block Group 4, Suffolk, MA",103571.000000000000000,65915.000000000000000
15000US250251201031,"Block Group 1, Suffolk, MA",149167.000000000000000,63531.000000000000000
15000US250251201041,"Block Group 1, Suffolk, MA",102500.000000000000000,68194.000000000000000
15000US250251201042,"Block Group 2, Suffolk, MA",46310.000000000000000,11224.000000000000000
15000US250251201043,"Block Group 3, Suffolk, MA",71518.000000000000000,29421.000000000000000
15000US250251201051,"Block Group 1, Suffolk, MA",187969.000000000000000,72520.000000000000000
15000US250251201052,"Block Group 2, Suffolk, MA",163958.000000000000000,86821.000000000000000
15000US250251201053,"Block Group 3, Suffolk, MA",142321.000000000000000,62450.000000000000000
15000US250251202011,"Block Group 1, Suffolk, MA",59792.000000000000000,25283.000000000000000
15000US250251202012,"Block Group 2, Suffolk, MA",49833.000000000000000,10888.000000000000000
15000US250251202013,"Block Group 3, Suffolk, MA",89674.000000000000000,58005.000000000000000
15000US250251203011,"Block Group 1, Suffolk, MA",63095.000000000000000,28954.000000000000000
15000US250251203012,"Block Group 2, Suffolk, MA",34762.000000000000000,16206.000000000000000
15000US250251203013,"Block Group 3, Suffolk, MA",93036.000000000000000,47750.000000000000000
15000US250251203014,"Block Group 4, Suffolk, MA",86429.000000000000000,26650.000000000000000
15000US250251204001,"Block Group 1, Suffolk, MA",83306.000000000000000,26704.000000000000000
15000US250251204002,"Block Group 2, Suffolk, MA",97778.000000000000000,25482.000000000000000
15000US250251204003,"Block Group 3, Suffolk, MA",104213.000000000000000,18194.000000000000000
15000US250251204004,"Block Group 4, Suffolk, MA",80463.000000000000000,52167.000000000000000
15000US250251204005,"Block Group 5, Suffolk, MA",63583.000000000000000,39492.000000000000000
15000US250251205001,"Block Group 1, Suffolk, MA",51042.000000000000000,22661.000000000000000
15000US250251205002,"Block Group 2, Suffolk, MA",63710.000000000000000,24364.000000000000000
15000US250251205003,"Block Group 3, Suffolk, MA",49015.000000000000000,8565.000000000000000
15000US250251206001,"Block Group 1, Suffolk, MA",110156.000000000000000,36169.000000000000000
15000US250251206002,"Block Group 2, Suffolk, MA",98819.000000000000000,28521.000000000000000
15000US250251206003,"Block Group 3, Suffolk, MA",73472.000000000000000,20980.000000000000000
15000US250251207001,"Block Group 1, Suffolk, MA",75558.000000000000000,3460.000000000000000
15000US250251207002,"Block Group 2, Suffolk, MA",77813.000000000000000,15472.000000000000000
15000US250251301001,"Block Group 1, Suffolk, MA",92333.000000000000000,60194.000000000000000
15000US250251301002,"Block Group 2, Suffolk, MA",54750.000000000000000,30947.000000000000000
15000US250251301003,"Block Group 3, Suffolk, MA",85469.000000000000000,34487.000000000000000
15000US250251301004,"Block Group 4, Suffolk, MA",94965.000000000000000,59535.000000000000000
15000US250251301005,"Block Group 5, Suffolk, MA",76420.000000000000000,28564.000000000000000
15000US250251301006,"Block Group 6, Suffolk, MA",171818.000000000000000,10632.000000000000000
15000US250251301007,"Block Group 7, Suffolk, MA",82273.000000000000000,47317.000000000000000
15000US250251302001,"Block Group 1, Suffolk, MA",128100.000000000000000,5580.000000000000000
15000US250251302002,"Block Group 2, Suffolk, MA",79650.000000000000000,36106.000000000000000
15000US250251302003,"Block Group 3, Suffolk, MA",102344.000000000000000,34184.000000000000000
15000US250251302004,"Block Group 4, Suffolk, MA",155536.000000000000000,68869.000000000000000
15000US250251302005,"Block Group 5, Suffolk, MA",98313.000000000000000,23878.000000000000000
15000US250251303001,"Block Group 1, Suffolk, MA",118707.000000000000000,10525.000000000000000
15000US250251303002,"Block Group 2, Suffolk, MA",101042.000000000000000,23312.000000000000000
15000US250251303003,"Block Group 3, Suffolk, MA",154783.000000000000000,26451.000000000000000
15000US250251303004,"Block Group 4, Suffolk, MA",69259.000000000000000,38283.000000000000000
15000US250251303005,"Block Group 5, Suffolk, MA",121094.000000000000000,10715.000000000000000
15000US250251304021,"Block Group 1, Suffolk, MA",59331.000000000000000,21771.000000000000000
15000US250251304022,"Block Group 2, Suffolk, MA",23083.000000000000000,14752.000000000000000
15000US250251304023,"Block Group 3, Suffolk, MA",116354.000000000000000,46810.000000000000000
15000US250251304024,"Block Group 4, Suffolk, MA",82713.000000000000000,5009.000000000000000
15000US250251304025,"Block Group 5, Suffolk, MA",109539.000000000000000,63385.000000000000000
15000US250251304041,"Block Group 1, Suffolk, MA",55000.000000000000000,8808.000000000000000
15000US250251304042,"Block Group 2, Suffolk, MA",90089.000000000000000,52962.000000000000000
15000US250251304043,"Block Group 3, Suffolk, MA",96250.000000000000000,165309.000000000000000
15000US250251304061,"Block Group 1, Suffolk, MA",30625.000000000000000,15899.000000000000000
15000US250251304062,"Block Group 2, Suffolk, MA",33310.000000000000000,15452.000000000000000
15000US250251304063,"Block Group 3, Suffolk, MA",33889.000000000000000,29856.000000000000000
15000US250251401021,"Block Group 1, Suffolk, MA",67426.000000000000000,53333.000000000000000
15000US250251401022,"Block Group 2, Suffolk, MA",45536.000000000000000,22756.000000000000000
15000US250251401023,"Block Group 3, Suffolk, MA",54330.000000000000000,46718.000000000000000
15000US250251401024,"Block Group 4, Suffolk, MA",51563.000000000000000,11755.000000000000000
15000US250251401051,"Block Group 1, Suffolk, MA",64783.000000000000000,34477.000000000000000
15000US250251401052,"Block Group 2, Suffolk, MA",61551.000000000000000,11850.000000000000000
15000US250251401061,"Block Group 1, Suffolk, MA",39643.000000000000000,11844.000000000000000
15000US250251401062,"Block Group 2, Suffolk, MA",15431.000000000000000,7540.000000000000000
15000US250251401071,"Block Group 1, Suffolk, MA",58359.000000000000000,20272.000000000000000
15000US250251401072,"Block Group 2, Suffolk, MA",58586.000000000000000,4389.000000000000000
15000US250251402011,"Block Group 1, Suffolk, MA",70089.000000000000000,14730.000000000000000
15000US250251402012,"Block Group 2, Suffolk, MA",86308.000000000000000,11708.000000000000000
15000US250251402021,"Block Group 1, Suffolk, MA",69750.000000000000000,31721.000000000000000
15000US250251402022,"Block Group 2, Suffolk, MA",45909.000000000000000,6030.000000000000000
15000US250251402023,"Block Group 3, Suffolk, MA",73542.000000000000000,16567.000000000000000
15000US250251402024,"Block Group 4, Suffolk, MA",64183.000000000000000,32738.000000000000000
15000US250251402025,"Block Group 5, Suffolk, MA",147917.000000000000000,84193.000000000000000
15000US250251403001,"Block Group 1, Suffolk, MA",89537.000000000000000,31649.000000000000000
15000US250251403002,"Block Group 2, Suffolk, MA",61167.000000000000000,42946.000000000000000
15000US250251403003,"Block Group 3, Suffolk, MA",23205.000000000000000,15218.000000000000000
15000US250251403004,"Block Group 4, Suffolk, MA",72647.000000000000000,101782.000000000000000
15000US250251403005,"Block Group 5, Suffolk, MA",61525.000000000000000,13737.000000000000000
15000US250251403006,"Block Group 6, Suffolk, MA",58723.000000000000000,8162.000000000000000
15000US250251404001,"Block Group 1, Suffolk, MA",24808.000000000000000,29960.000000000000000
15000US250251404002,"Block Group 2, Suffolk, MA",54435.000000000000000,38980.000000000000000
15000US250251404003,"Block Group 3, Suffolk, MA",43188.000000000000000,36698.000000000000000
15000US250251404004,"Block Group 4, Suffolk, MA",63603.000000000000000,35258.000000000000000
15000US250251404005,"Block Group 5, Suffolk, MA",74167.000000000000000,14013.000000000000000
15000US250251404006,"Block Group 6, Suffolk, MA",50804.000000000000000,50446.000000000000000
15000US250251404007,"Block Group 7, Suffolk, MA",65483.000000000000000,31942.000000000000000
15000US250259801011,"Block Group 1, Suffolk, MA",0.000000000000000,0.000000000000000
15000US250259803001,"Block Group 1, Suffolk, MA",0.000000000000000,0.000000000000000
15000US250259807001,"Block Group 1, Suffolk, MA",0.000000000000000,0.000000000000000
15000US250259810001,"Block Group 1, Suffolk, MA",0.000000000000000,0.000000000000000
15000US250259811001,"Block Group 1, Suffolk, MA",0.000000000000000,0.000000000000000
15000US250259811002,"Block Group 2, Suffolk, MA",0.000000000000000,0.000000000000000
15000US250259811003,"Block Group 3, Suffolk, MA",0.000000000000000,0.000000000000000
15000US250259811004,"Block Group 4, Suffolk, MA",10515.000000000000000,5220.000000000000000
15000US250259812011,"Block Group 1, Suffolk, MA",0.000000000000000,0.000000000000000
15000US250259812021,"Block Group 1, Suffolk, MA",0.000000000000000,0.000000000000000
15000US250259813002,"Block Group 2, Suffolk, MA",80303.000000000000000,13877.000000000000000
15000US250259815011,"Block Group 1, Suffolk, MA",0.000000000000000,0.000000000000000
15000US250259815021,"Block Group 1, Suffolk, MA",0.000000000000000,0.000000000000000
15000US250259816001,"Block Group 1, Suffolk, MA",0.000000000000000,0.000000000000000
15000US250259817001,"Block Group 1, Suffolk, MA",0.000000000000000,0.000000000000000
15000US250259818001,"Block Group 1, Suffolk, MA",55938.000000000000000,117279.000000000000000
